date,rate,review
2025.04.29,5,떨어지기 전에 주문해요. 좋아요
2025.04.27,5,저렴하게 잘샀어요 빠른배송감사합니다
2025.04.01,5,잘 받았습니다. 감사합니다 ^^
2024.09.18,5,추석연휴 앞두고 탄산이 필요할것같아서 주문한 코카콜라^^ 크기도 귀엽고 탄산이 살아았어 좋아요
2025.07.15,5,좋아요 잘 마시고 있어요
2025.07.08,5,용량이  한번에  먹기에 적당하고  맛있어요
2025.07.03,5,양도 적당하고  맛있고 좋아요
2025.07.02,5,늘 사용하는 제품입니다
2025.06.04,5,"자주 구매하는 제품, 이마트에서 사면 싸서 좋아요 190ml는 한번에 마시기 좋고 주로 피자, 치킨 배달음식에 먹는 편입니다"
2025.02.17,5,잘 받았습니다. 감사합니다
2025.01.20,5,늘 쟁여놓는 콜라에요. 맛있고 배송 빨라요.
2025.01.04,5,용량이 적당해  한번에 마시기 좋아요.
2025.01.04,5,늘 쟁여둡니다. 문의 드릴 일 있었는데 처리도 빠르고 친절했어요.
2025.06.26,5,쓱 배송으로 만나 좋습니다. 감사합니다.
2025.06.25,5,할인해서 저렴하게 구입했습니다
2025.06.24,5,행사가격으로 샀는데 에스머니도 적립 받았고 쿠x보다 저렴하게 샀어요 ㅎㅎ
2025.06.19,5,새벽배송 편하고좋아요
2025.06.16,5,싸고양도만아요 쿠팡보다쌈
2025.06.16,5,좋아요 잘 마시고 있어요
2025.06.14,5,저렴하게 잘구매했어용.
2025.06.09,5,항시 구매 하는 품목... 좋아용 ^^*
2025.06.08,5,임신중이라 소화안될때 적은 용량이라 좋아요
2025.06.05,5,구매해서 만족합니다.
2025.06.03,5,배송 빠르고 작은 캔 좃아요
2025.06.02,5,할인가격에 적립도 해주고 저렴한 가격에 잘샀습니다
2025.06.02,5,늘 쟁여두고 사용합니다.좋아요
2025.05.16,5,만족스러운 상품입니다.  빠른 배송 감사드립니다. 재구매 의사 있습니다~!!
2025.05.13,5,용량이 적어서 남기지 않아서 좋아요
2025.05.11,5,양이 작아서 좋아요.
2025.05.07,5,좋아요 잘 마시고 있어요
2025.05.04,5,냉장고에 늘 쟁여놓아요
2025.05.03,5,저렴하게잘구입합니다.
2025.04.30,5,적당한 크기에 만족합니다
2025.04.24,5,한번에  먹을수 있는  적당량이고   맛도  만족합니다
2025.04.18,5,느끼한 음식엔 콜라죠
2025.04.08,5,저렴하게 잘 구매했습니다 마음에 듭니다
2025.04.06,5,진짜싸게 구잎쌔써ㅛ
2025.04.03,5,박스로 구매하는게 싸요
2024.12.06,5,역시 콜라는 코카콜라 세일하길래 얼른 쟁여뒀어요~
2024.11.11,5,너무 많이 안 마시려고 쁘띠사이즈로 사먹어요
2024.10.25,5,항상 구매하는 제품인데 저렴하게 사게되서 만족해요
2024.10.17,5,배송빠르네요ㅋㅋ 콜라는 역시 코카콜라 쟁여템ㅋㅋ
2024.10.12,5,쟁여템이예요. 저렴해요.
2024.05.08,5,늘 재구매해서 쟁여두고 마시는데 저번엔 한번 찌그러져 와서 맛이 없더라구요. 근데 그때는 아는분이 다른데서 구매했던것도 그랬었네요. 이후로는 제대로 오고 있어요. 여름이라 시원한 탄산이 더 생각나겠어요.
2025.05.22,4,작은 사이즈로 되어 있어서 한 번에 먹기 좋은 거 같아요 콜라 좋아하는 사람한테 선물 했어요.
2025.03.21,5,배송 빠르고 좋아요ㅎ
2025.03.21,5,잘 받아보았습니다. 재구매의사있습니다. 빠른 배송 감사드립니다.
2025.03.21,5,본사직영인지 몰라도  결제후 바로배송. 꼼꼼한 포장 늘 만족합니다
2025.03.11,5,가격도  싸고  맛도  좋아요
2025.03.04,5,배송도빠르고 만족합니다
2025.02.21,5,꼼꼼하게 전체 비닐로 래핑되서 배달왔습니다 탕비실에 두기 딱 좋은 사이즈에요
2025.02.15,5,저렴하게 잘 구매했어요!
2025.02.11,5,항상 구매합니다 좋아요
2025.02.07,5,용량이 작아서 먹기 편해요
2025.02.02,5,늘주문하는거에요ㅎㅎㅎ
2025.01.20,5,"가격도 저렴하고, 배송도 빨라서 정말 좋습니다"
2025.01.18,5,용량이 작아 한번에 먹기 좋아요
2025.01.11,5,상품 너무 좋아요  감사합니다
2025.01.10,5,용량 작아서 먹기 편해요
2025.01.09,5,항상  애용하는  코카콜라이고 양도  적당해서  좋아요
2025.01.06,5,작은용량이라 좋아요. 딱 한번 마시기 좋습니다~~^^
2025.01.03,5,역시 콜라는 코카콜라
2025.01.03,5,좋아요 잘 마시고 있어요
2025.01.01,5,"늘 콜라를 사두는데, 용량을 좀 줄여 먹고 있어요. 만족합니다."
2025.01.01,5,행사로 구매했습니다
2024.11.26,5,늘 같은곳에서만 주문합니다  포장도 꼼꼼하고 날짜도 길고 .. 파손되는것이 .. 배송 잘 받았습니다
2024.11.07,5,늘 즐겨 마시는 코카콜라 착한가격에 빠른배송으로 잘 구매하였습니다. :) 이 용량이 부담없이 마시기 딱 좋아요~
2024.11.03,5,"콜라가 떨어지면 안됩니다. 핏자, 치킨, 먹을 때는 반드시 필요합니다. 그래서 자주 구매합니다. 190ml는 한번에 마시고 남기지 않아서 좋습니다"
2024.08.14,5,소용량이라 한번에 마시기 좋아요 파손없이 배송  잘 받았어요
2024.12.29,5,항상 구매하는 품목이에요~^^ 좋아요
2024.12.29,5,한번 먹기  좋은 양이에요
2024.12.26,5,콜라는 역시 코카콜라
2024.12.23,5,좋은가격에 좋은물건 빠른배송에 감사드립니다 .
2024.12.22,5,맛있어요 자주 사먹어요
2024.12.19,5,항상주문합니다 좋아요
2024.12.16,5,항상 구비하는거라 할인받아 잘 구매했습니다
2024.12.13,5,콜라 늘 주문합니다.
2024.12.12,5,한번에  먹을수  있는양이라 좋아요
2024.12.10,5,쓱배송 시간대 설정해서 제개인적으론 좋아요ㅎ
2024.12.10,5,만족합니다. 만족합니다.
2024.12.09,5,직원 복지용으로 구매 했습니다. 좋아요.
2024.11.30,5,친구가 매일 1캔씩 마시는 사람이라..적게마시라고 작은 사이즈로 보냈아요.
2024.11.27,5,사무실 간식으로 구매했습니다. 좋아요!
2024.11.24,5,애식템 입니다 ~~
2024.11.23,5,할인가에 박스로구매해봤어요
2024.11.22,5,좋아요 잘 마시고 있어요
2024.11.21,5,빠른배송 감사합니다
2024.11.20,5,떨어지면 안되는 필수품
2024.11.19,5,최애 콜라입니다.한모금으로 마시기에 좋아요
2024.11.19,5,소포장으로 간편해요.
2024.11.16,5,자주사는 제품입니다ㅡ
2024.11.16,5,배송도 빠르고 좋아요
2024.11.13,5,"가성비 최고, 쿠팡보다 저렴. 로켓베송이니 뭐니 머리들을 너무쓰니 그리로 가고싶지않다"
2024.11.06,5,세일해서 얼른 샀어요^^
2024.11.05,5,가성비 짱입니다 ㅎㅎ
2024.11.04,5,좋은금액에 배송도 빠르네요.
2024.11.04,5,"배송도 잘 왔고, 유통기한도 넉넉해요"
2024.11.01,5,매번 주문하는 거에요
2024.11.01,5,매번 잘 주문하고있어요. 감사합니다~! 다음에 또 주문할게요~!!
2024.10.21,5,항상 구매하는 제품입니다
2024.10.15,5,배송 빠르고 작아서 자주 먹습니다
2024.10.13,5,맛있게 잘 먹었습니다. 좋아요~
2024.10.12,5,싸게 잘 샀네요 좋아요
2024.10.07,5,배송도 빠르고 깔끔하게 왔습니다
2024.10.05,5,맛잇고 배송이 빨라요
2024.10.01,5,좋아요 잘 마시고 있어요
2024.09.12,5,포장도꼼꼼하게 되 있고 마트세일하는것보다 ..전문 음료매장 세일가보다 가격이 더 저렴합니다
2024.08.29,5,요즘 사이다만 먹다가 콜라 다시 주문. 입맛이 둔해진건지... 요즘 탄산음료 탄산이 약해지게 느껴... 다시  콜라주문... 콜라는 탄산이 조금 더 강했으면 좋겠다.
2024.06.25,5,싸게 잘 샀어요~~마니 파세여~~^^
2024.06.23,5,무료배송으로 잘왔어요.배송빨라요
2024.06.20,5,맛있는 음료 저렴하게 샀고 편하게 배달도 해주셨어요~~
2024.06.19,5,잘 받았습니다. 감사합니다 ^^
2024.04.06,5,자주애용하는 필수템입니다
2025.01.17,3,코카콜라 도착 했어요  탄산이 적은 느낌 아쉬움
2024.09.26,5,저렴하게 구매했습니다
2024.09.22,5,제로줄알고 잘못샀다는….. 사실 오리지널이 맛있죠ㅋㅋ
2024.09.19,5,라이브로 보다 저렴하게 구입했어요!!!!
2024.09.19,5,배송과포장이 좋았어요
2024.09.16,5,항상 애용하는 제품입니다
2024.09.16,5,늘 애용하는 제품입니다
2024.09.15,5,비상 콜라 주문합니다
2024.09.12,5,맛있어요~~~ 배송도 잘왔습니다!
2024.09.12,5,꼼꼼하게 포장이 되 있어 늘 안심하고 주문.. 할인매장도 가격이 더 저렴합니다
2024.09.12,5,"가격, 품질, 배송 모두 만족합니다. 항상 여기서 구매하고 있습니다."
2024.09.11,5,빠른배송감사합니다.좋아요
2024.09.09,5,맛잇고 배송빨라요.
2024.09.05,5,회사사람들이 만족해요
2024.09.01,5,"기대이상으로 좋고, 매우 만족합니다~"
2024.08.31,5,맛잇고 배송이빨라요
2024.08.27,5,파손없이 꼼꼼히 잘 왔어요~배송상태 굿
2024.08.27,5,좋아요 잘 마시고 있어요
2024.08.26,5,포장과배송상태도 좋았어요
2024.08.23,5,좋습니다 ~ 감사감사
2024.08.13,5,할인해서 저렴하게 샀어요.
2024.08.12,5,잘 받았습니다~~~
2024.08.08,5,자주시키는데 괜찮은거 같아요
2024.08.05,5,넉넉한 기일과 꼼꼼한 포장 감사합니다 ^^
2024.08.04,5,가격도  좋고    한캔의  양도  알맞고   맛은  물론  좋아요
2024.07.31,5,적당한 가격에 만족합니다
2024.07.28,5,좋아요 추천합니다.
2024.07.23,5,좋아요 잘 마시고 있어요
2024.07.19,5,빠른 배송 감사합니다 저렴하게 잘 샀네요
2024.07.17,5,항상 주문하는 제품이에요 만족해요
2024.07.16,5,저렴하게 구매했습니다
2024.07.12,5,맛있게 잘 먹었습니다. 좋아요!
2024.07.09,5,항상 구매하는 상품입니다.
2024.07.08,5,배송빠르고 제품좋아요
2024.07.06,5,저렴하게 잘 구매했어요
2024.07.06,5,끊이면 안되는 간식이에요
2024.07.05,5,코카콜라 작캔은 간편하게먹기딱입니다
2024.07.05,5,이 사이즈가 딱! 한번에 먹기 조ㅗ아요
2024.07.04,5,양도  남기지  않을 만큼 적당하고  맛도  좋아요
2024.07.03,5,빠른배송에 감사드립니다
2024.07.03,5,만족합니다! 쓱배송으로 만나 기뻐요^^
2024.07.03,5,넉넉히 잘 마시고 있습니다
2024.07.01,5,가성비 좋게 잘 구매해서 기분 좋아요 포장도 잘 왔어요
2024.03.17,5,배송빠르고 안전하게 왔어요
2024.03.12,5,할인받아서 저렴하게 구매했어요
2024.03.10,5,저렴한 가격에 꼼꼼한 포장 좋았습니다
2024.03.10,5,저렴하게 사서 쟁겨두고 먹으니 좋아요
2024.03.09,5,유통기한도 넉넉하고 종종 할인행사 해주세요.
2024.02.25,5,잘 받았습니다. 남편이 잘 먹고 있습니다.
2024.02.14,5,너무너무 저렴하게 잘 샀어요 ㅎㅎ 감사합니다 맛있어요
2024.01.19,5,엄청 싼 가격에 구입했어요 배송도 빨랐어요
2024.01.09,5,배송빠르고 안전하게 왔어요  저렴하게 잘샀습니다
2024.01.06,5,저렴하게 구매했어요.
2023.11.23,5,탄산 음료를 자주 먹는 편은 아닌데 요즘 들어 조금 땡겨서 구매했어요. 사이즈가 아담해서 한모금 확인 너무 좋은 거 같아요.
2023.08.01,5,더운 여름에는 더할나위없는 제품입니다. 배송도 빠르고 언전하게 포장돠어 도착했네요.
2024.12.26,4,항상 믿고 구매하는 상품 입니다 잘 먹고 있어요
2024.11.06,3,캔 하나 옆구리가 찢어져 있어서 밑으로 다 샜더라구요. 찌그러진건 없었는데 어쩌다 찢어진건지 모르겠어요. 한개만 그래요. 반품 귀찮아서 그냥 수령합니다. 유통기한은 26년이라 넉넉해서 좋네요
2024.09.23,5,최고예요!
2024.08.30,5,최고예요!
2024.06.30,5,콜라 유통기한 길어요
2024.06.27,5,한 번에 마시기에 부족함 없는 용량입니다
2024.06.24,5,"배송도 빨랐고 좋아요, 맛있ㅇ요"
2024.06.22,5,자주 구매하는 상품인데.. 쿠폰까지 와서 저렴하게 구매합니다
2024.06.20,5,코카콜라 다량구매하면 가격도 좋아요
2024.06.12,5,배송과포장이 좋았어요
2024.06.11,5,한번에 먹기 딱 좋은 양입니다
2024.06.06,5,배송 빠르고 시원해요~
2024.06.04,5,항상 애용하는 제품입니다
2024.06.04,5,시원하게 쟁여두고 먹기 좋아요
2024.05.31,5,좋아요 추천합니다.
2024.05.28,5,좋아요 잘 마시고 있어요
2024.05.27,5,배송도 빠르고 가성비도 좋아요~ 재주문 할게요^^
2024.05.26,5,코카콜라 공식 배송이라 늘 믿고 구입합니다  포장상태도 꼼꼼하고 유통기간도 넉넉합니다
2024.05.19,5,만족합니다. 만족합니다
2024.05.15,5,배송빠르고 사이즈 적당 좋아요
2024.05.13,5,용량 작아서 먹기 편해요
2024.05.08,5,늘 맛있는 코카콜라입니다~
2024.05.06,5,포장과배송상태도 잘 받았습니다
2024.05.06,5,우리가 아는 맛이에요
2024.05.05,5,자주 구매하는 상품입니다. 좋아요~~
2024.04.30,5,좋아요. 맛있게 먹겠습니다~
2024.04.28,5,좋아요 잘마시고있습니다 굿
2024.04.27,5,콜라는 역시 코카콜라기는 한데 독점이다 보니 요금인상이 수시로 이루어지네요 ㅠ.ㅠ
2024.04.25,5,배송 빠르게 잘 받았습니다
2024.04.24,5,배송 빠르게 잘 받았습니다
2024.04.20,5,좋아요 추천합니다.
2024.04.19,5,사이즈가 죄책감 없고 미시고 싶을때 마실 수 있어 좋아요
2024.04.14,5,항상 애용하는 제품입니다
2024.04.14,5,사이즈 좋고 배송 빠르고 좋아요
2024.04.09,5,자주 구매하는 제품입니다
2024.04.09,5,좋아요 빠룬배송 감사합니다 많이 파세요 굿굿
2024.04.05,5,코카콜라 넘 잘먹는 아이템
2024.04.04,5,한번에  먹기에  적당한 양이라  좋아요
2024.04.02,5,저렴하니깐 자주 사게 됩니다. 자주 구매할 것 같네요.
2024.04.01,5,탄산음료로는 가장 적합합니다
2024.01.12,5,용량이 190ml라 한번 먹을 양으로 적당한데 수퍼나 편의점에선 살수가 없었는데 이마트 앱에선 살 수 있습니다..
2023.12.27,5,만족합니다. 감사합니다
2023.12.23,5,항상 맛있게 먹고 있어요. 작은 용량이라 좋아요
2023.12.06,5,저렴하게 구매했어요.
2023.12.05,5,잘받았어요  사이즈가 작어서 좋네요  많이파세요
2023.11.27,5,배송빠르고  안전하게 왔어요
2023.11.23,5,배송빠르고 안전하게 왔어요
2023.11.15,5,배송도 빠르고 다른곳보다 포장이 꼼껌했어요
2023.11.14,5,크기가 작아 가끔 마시고 싶을때 부담없이 마실 수 있어 좋아요
2023.11.14,5,코카콜라 저렴하게 샀어요
2023.11.10,5,한번 먹기 좋은 사이즈라 자주 구매합니다
2023.11.10,5,항상주문합니다 맛나요
2023.10.30,5,항상 주문하는 제품 만족해요
2023.10.08,5,빠른배송감사합니다.
2023.07.23,5,야외에서 작업할 때 시원한 아이스팩과 같이 넣어 두었다가 더울때 꺼내 먹어요~ 청량하고 좋습니다!
2023.07.23,5,야외에서 작업할 때 시원한 아이스팩과 같이 넣어 두었다가 더울때 꺼내 먹어요~ 청량하고 좋습니다!
2024.09.01,4,제로산다는게 잘못사서ㅜㅜ 아웃 박스포장좀 해주세요
2024.08.25,3,코카콜라 190캔 30입  도착 했습니다
2024.08.24,4,빠른 배송 좋습니다.
2024.05.09,5,최고예요!
2024.04.23,5,좋아요~~~~
2024.03.29,5,자주 구매하는 제품입니다
2024.03.28,5,느끼한거 먹을때  꼭 필요해서 늘 구매합니다
2024.03.27,5,맛있어요 맛있어요..
2024.03.27,5,늘 사던 제품이에요 ㅎ
2024.03.23,5,구매결과만족합니다.
2024.03.14,5,빠른배송으로잘받았습니다
2024.03.14,5,맛있어서 자주 구매합니다
2024.03.12,5,회사간식으로 자주구매하는 품목입니다
2024.03.11,5,냉장고에 늘 구비해놓는 아이템입니다
2024.03.10,5,여기가 제일 저렴해요
2024.03.10,5,배송빠르고좋아요 굳국
2024.03.08,5,배송도빠르고 만족합니다
2024.03.06,5,회사 간식으로 너무 좋아요!
2024.03.04,5,잘 받았습니다 감사합니다
2024.03.03,5,좋아요 잘 마시고 있습니다
2024.03.02,5,좋아요 좋아요 좋아여
2024.03.01,5,좋아요. 자주구매 하고 있어요.
2024.03.01,5,싸게구매해서 잘먹었어요
2024.03.01,5,"기대이상으로 좋고, 매우 만족합니다~"
2024.03.01,5,항상구매하는제품 재구매할께요
2024.03.01,5,가성비 좋은 제품입니다
2024.02.28,5,작은 사이즐ㅏ 먹기 편해요
2024.02.27,5,항상 구매하는 제품입니다.
2024.02.26,5,좋아요 맛있어요 맛있습니다.
2024.02.26,5,사무실 간식으로 주문했는데 팀원들 만족도가 아주 높습니다
2024.02.25,5,콜라 저렴하게 잘구매했어요!
2024.02.23,5,항상 애용하는 제품입니다
2024.02.23,5,좋아요 추천합니다.
2024.02.23,5,맛있어요~~ 사무실 간식
2024.02.22,5,good   good
2024.02.20,5,코카콜라 너무 맛있습니다
2024.02.20,5,가격만 빼면 매우 만족합니다
2024.02.19,5,자주 구매해서 먹고있어요!
2024.02.14,5,냉장고에 두고 마시기좋아요. 아이들이 하루에 2캔씩은 그냥 마시네요
2024.02.14,5,세일해서 득템했어요.
2024.02.14,5,저렴해서 좋아여~~
2024.02.13,5,늘 구매하는 제품이에요
2024.02.08,5,싸고조으네요 빨라요
2024.02.07,5,늘먹덤거라 좋아뇨 굿
2024.02.06,5,잘받았습니다 감사합니다
2024.02.05,5,배송도빠르고 잘받았습니다
2024.02.02,5,배송 빠르고 좋네요
2024.02.02,5,행사해서 샀어요 가성비가 좋은 제품 입니다
2024.02.02,5,좋아요 좋아요 좋아요
2024.02.02,5,콜라가 보통 뚱캔으로 많이 나오는데 양이 작아서 마시기 부담없어서 좋고 가격도 좋네요.
2024.02.01,5,사무실에서 먹기 좋아요.
2024.02.01,5,"기대이상으로 좋고, 매우 만족합니다~"
2024.01.30,5,이 사이즈가 다 먹어서 좋아요
2024.01.29,5,쓱배송 편하고 좋아요ㅎㅎ
2024.01.28,5,먹기 좋은 사이즈라 좋아요
2024.01.27,5,빠흔 배송 감사합니다
2024.01.27,5,늘애용하는상품 착한가격에득템합니다.
2024.01.26,5,콜라중독자인데 매번 만족해요 특히 탄산 안빠지게 간식으로 먹기에 딱좋은양! 이에요
2024.01.24,5,배송빠르고 제품좋아요
2024.01.22,5,회사 탕비실용 음료입니다~!
2024.01.21,5,늘 넉는 코카콜라 개운해요
2024.01.18,5,이 사이즈는 진짜 누가 만들었는지 딱 좋아요
2024.01.18,5,쓱배송 잘 받았습니다. 배송빠르고 꼼꼼한 포장 감사합니다.
2024.01.18,5,여자가하나 먹기에 딱좋은 양
2024.01.17,5,작은용량이라 한번에 먹기 딱 좋아요
2024.01.14,5,빠른 배송 넉넉한 유통기한 적당한 사이즈 감사합니다
2024.01.13,5,역시나 콜라는 코크!!
2024.01.12,5,한번에  먹을수 있는 양이라 좋아요 가격도  맘에  들어요
2024.01.10,5,먹기  좋은 양이어서  좋았고 가격도  만족합니다
2024.01.09,5,늘사는거 강추합니당ㅋㅋ
2024.01.09,5,배송도빠르고좋아요맛있어요ㅎㅎ네
2024.01.09,5,배송도 빨랐고 크기도 적당해서 먹기 좋아요.
2024.01.09,5,배송 감사합니다~~
2024.01.08,5,맛있어요 맛있어요 ㅎㅎ
2024.01.07,5,자주 구매하는 상품입니다
2024.01.07,5,자주 구매하는 상품입니다
2024.01.04,5,배송 빠르고 좋습니다
2024.01.03,5,좋아요♡♡♡♡♡♡♡♡♡♡♡♡
2024.01.03,5,집엔 항상 이것이 있어
2024.01.02,5,용량이 한번 마시기 딱 좋아서 자주 주문해요
2024.01.02,5,싸고 빠르고 좋아요 매번주문
2024.01.02,5,암메리카노랑 먹으면 굿
2024.01.01,5,좋아요...좋아요...
2024.01.01,5,맛있게 잘먹고있어요
2024.01.01,5,맛있어요 자주이용해요
2023.12.06,5,캔몇개는 찌그러져서 터지기 일보직전이며 완충제 한겹없이 비닐만 잔뜩감아서 뜯기만 불편하고
2023.11.05,5,탄산음료라 소포장 상태에서 탄산감을 느끼기에 적당함  늘 애용상품으로 펜트리에 쟁여놓는 아이템임
2023.10.25,5,"집에 탄산음료가 빠져서는 안되죠 콜라도 항상 두종류 모두 구비해 놓고 있습니다 피자, 치킨 먹을 때는 필수... 특히 코가콜라는 기본입니다"
2023.10.25,5,오리지널이 뭔가 탄산이 잘 느껴져 더 청량하고 맛있어요. 항상 냉장고에 쟁여놓고 마시는 제품입니다.
2023.09.29,5,코카가 최고 가격도 맛도 최고입니다 배송도 빠르고요
2023.09.02,5,가격도 좋고 무엇보다 용량이 작아 마음에 들어요 보통한번 열면 다 못먹거든요~좋아요
2023.08.30,5,만족합니다. 감사합니다.
2023.08.26,5,저렴한 가격에 잘샀어요 사이즈도 적당해서 부담없이 시원하게 먹기좋네요
2023.08.22,5,쿠폰으로 싸게 샀어요
2023.08.22,5,빼먹지 않고 사는 품목
2023.08.21,5,좋습니다 빠르게 왔어요 굿국
2023.08.21,5,항상 주문하는 코카콜라 좋아요
2023.08.13,5,제일 좋아하는 탄산이예요 양도 적당하고 항상 구매합니다
2023.08.07,5,재구매할게요 만족합니다~~~
2023.07.28,5,매번시켜먹는콜라입니다
2023.07.25,5,싸이즈가 딱 좋아요 시원하게 잘 마시고 있어요
2023.07.08,5,배송빠르고 좋아요~^^
2023.07.08,5,배송빠르고 좋아요~^^
2023.07.07,5,좋은가격에 잘 샀어요 또 사러올게요
2023.07.04,5,배송도 빠르고 유통기한 2025.3 넉넉해요
2023.07.04,5,배송이 참 빨라요 가격도 저렴
2023.07.04,5,가장 저렴한 곳이예요
2024.12.10,3,직원 간식으로 좋아해요^^
2024.03.03,5,최고예요!
2024.02.13,5,최고예요!
2024.02.13,5,최고예요!
2023.12.31,5,저렴하게 구매했어요
2023.12.30,5,먹기좋음.굳 잘샀음
2023.12.28,5,행사때 구입해서 잘먹고 있습니다
2023.12.27,5,사무실 간식으로 너무 좋아요!! 맛도 최고임ㅠ
2023.12.26,5,좋아요 감사합니다 ㅎㅎ
2023.12.26,5,최고입니다 항상 믿고 구매해요
2023.12.26,5,한번에 먹기 딱 좋은 크기입니다.
2023.12.26,5,사이즈가 딱 좋습니다.
2023.12.26,5,빠른배송 감사해요 포장도 꼼꼼.
2023.12.26,5,작은 사이즈 콜라라 좋아요 ㅎㅎ
2023.12.23,5,콜라 저렴하게 잘 산거 같아요
2023.12.23,5,좋아요맛있어요넉넉해요
2023.12.23,5,배송이 빠르고 깔끔해요.
2023.12.21,5,배송빠르고 저렴하게 잘 구매한것 같아요~ 콜라 좋아요~
2023.12.19,5,항상 구매합니다 맛있어요맛있어요
2023.12.18,5,배송 빠르고 좋아요 유통기한 길어서 좋아요
2023.12.16,5,저렴하게 잘 받았습니다
2023.12.15,5,코카콜라가 최고죠 .
2023.12.14,5,사무실에서 먹을려고 주문했어요.
2023.12.11,5,큰 용량은 버리는게 많아서 작은 콜라로 구입했습니다 ㅎ 만족해요^^
2023.12.10,5,빠른배송으로잘받았습니다
2023.12.10,5,코카콜라 상비용으로
2023.12.09,5,늘 재구매. 배송도 빠르고 찌그러진것 없어요
2023.12.08,5,잘받아서 사용하고 있습니다.
2023.12.07,5,20%할인으로 샀네요
2023.12.05,5,넉넉한 양과 깔끔한 포장 추천합니다
2023.12.04,5,저렴하게 사서 만족합니다.
2023.12.03,5,좋아요 좋아요 좋아요
2023.12.03,5,좋아요 콜라는 코키콜라죠
2023.12.03,5,맛있어요 저렴해요 굿굿
2023.12.03,5,맛있어요 저렴해요 굿굿
2023.12.03,5,피로회복에 도움되는 거 같아요. 지루하고 심심할 때 참 좋습니다.
2023.12.02,5,코카콜라 크기가 적당해서 좋아요
2023.12.01,5,자주 구매하는 상품입니다.
2023.12.01,5,항상 구매하는 상품입니다
2023.12.01,5,항상 구매하는 상품입니다
2023.12.01,5,좋아요...좋아요...
2023.12.01,5,좋은 상품을 싸게 구입했어요
2023.12.01,5,맛있고 꼼꼼한 포장 추천합니다
2023.11.30,5,콜라하면 대표적인 상품이죠. 가성비가 좋아요.
2023.11.30,5,가격비대 만족합니다. 역시 에스에스쥐에서 사길 정말 잘했어요
2023.11.29,5,행사로 저렴하게 구입해서 좋아요
2023.11.26,5,시원합니다 좋아요 먓나요
2023.11.26,5,가격대비 만족해요.
2023.11.26,5,가격대비 만족해요.
2023.11.25,5,항상 구매합니다. 한 캔씩 마시기 딱 좋은 용량입니다
2023.11.23,5,맛있어요 배송이 빨라서 좋아요
2023.11.22,5,양이 적당해서 좋아요
2023.11.22,5,잘받았습니다 감사합니다
2023.11.22,5,제일싸고 배송도 좋아요
2023.11.21,5,가격대비 좋습니다 만족해요
2023.11.20,5,가끔 먹기 좋아요 맛있어요
2023.11.20,5,가끔 먹기 좋아요 맛있어요
2023.11.20,5,가꿈 먹기 좋아요 맛있어요
2023.11.20,5,쓱배송 최고입니다 시간대별 맞춤배송!!여행갔다올때 주문하니 편해요
2023.11.19,5,감사합니다  역시 이마트몰.  대한통운 으로 연결되어 세상 깔끔배송.
2023.11.19,5,감사합니다  역시 이마트몰.  대한통운 으로 연결되어 세상 깔끔배송.
2023.11.19,5,항상 애용하는 제품이에요
2023.11.18,5,하고 좋은데 하루연착
2023.11.18,5,배송가격모두좋아요잘받았습니다감사합니다
2023.11.17,5,역시 콜라는 맛있어요
2023.11.17,5,양도 만고 싸요 배송운. 느려요
2023.11.16,5,남편이 코카콜라 애정합니다
2023.11.16,5,항상 떨어지기 전에 주문해놓아요
2023.11.16,5,한번 먹기 딱좋아요
2023.11.16,5,콜라 맛있어요 추천합니다.
2023.11.15,5,오오! 저렴하게.구입했어요!!
2023.11.15,5,가끔 쿠팡보다 싸다
2023.11.14,5,맛있어요 맛있어요 맛있어요 맛있어요 맛있어요 맛있어요 맛있어요
2023.11.14,5,저렴한 가격에 잘 구매했어요
2023.11.14,5,한번 먹기 양도 저에겐 딱이네요 ~
2023.11.13,5,다들 좋아하는 간식입니다 저렴하게 구입해서 잘 먹고 있어요 :)
2023.11.13,5,괜찮아요 괜찮아요 굿 굿
2023.11.12,5,할인행사여서 구매했어요 한명이 한번먹기 용량도 딱 좋아요
2023.11.11,5,항상 구매하는 제품입니다.
2023.11.09,5,좋아요 자주애용합니다
2023.11.08,5,행사때 가성비 좋게 구매 했어요.
2023.11.08,5,"배송 빠르게 잘 받았습니다,"
2023.11.08,5,가격 너무 착해요.
2023.11.07,5,배송도빠르고좋아요 다음에 또 주문예정입니다
2023.11.07,5,한번먹기 양도 딱이구요 ~ 가격도 저렴하구 좋아요
2023.11.06,5,자주 구매하는 상품입니다
2023.11.05,5,배송 빠르고 좋아요
2023.11.05,5,배송 빠르고 좋아요
2023.11.04,5,저렴하게 잘 구매했습니다.. 좋아요
2023.11.03,5,맛있어요 맛있어요 맛있어요 맛있어요 맛있어요 맛있어요 맛있어요 맛있어요 맛있어요
2023.11.03,5,맛있어요 맛있어요 맛있어요 맛있어요 맛있어요 맛있어요 맛있어요 맛있어요 맛있어요
2023.11.03,5,맛있어요 맛있어요 맛있어요 맛있어요 맛있어요 맛있어요 맛있어요 맛있어요 맛있어요
2023.11.03,5,작은 용량 콜라여서 좋아요ㅎㅎㅎ 만족합니다 ㅎ
2023.11.02,5,좋아요 추천합니다.
2023.11.02,5,좋아요♡♡♡♡♡♡♡♡♡♡♡♡♡
2023.11.01,5,저렴하게 잘 구입했어요.
2023.11.01,5,안전하게 잘 도착했습니다  190밀리라 부담없이 섭취할 수 있는 양이라 좋아요
2023.11.01,5,깔끔한 맛과 포장상태 추천합니다
2023.11.01,5,회사용으로 구입했어요! 아주좋아합니다
2023.11.01,5,좋아요...좋아요...
2023.10.31,5,아이들간식용 구입! 좋아요
2023.10.31,5,좋아요아주좋아요 굿짱
2023.10.30,5,"좋아요 맘에듭니다,"
2023.10.29,5,가격 싸게 잘 샀어요
2023.10.27,5,할인하는데 배송비도 없어요~^^
2023.10.27,5,사이즈도 좋고 좀저렴하게 구매하려고 삽니다
2023.10.26,5,씨ㅜ게  샀어요 쿳잎ㄴㄱ다
2023.10.26,5,한번에 다 마실수 있는 적은 용량이라 좋네요.
2023.10.25,5,캔이 작으니까 편하네요. 근데 양이 적어서 그런지 한 번에 두캔은 먹게 되네요~
2023.10.25,5,콜라귀신을 위해서 ㅋ
2023.10.23,5,늘 배송도 빠르고 잘와서 좋아요
2023.10.22,5,190ml 중에 제일 저렴합니다. 배송도 안전하게 받아서 좋아요.
2023.10.21,5,항상 구매하는 상품입니다
2023.10.20,5,직원들 간식용입니다. 맛있어요. 소포장이라 좋아요
2023.10.20,5,주문 제품 잘 받았습니다~
2023.10.19,5,호로록 먹을 수 있어서 좋아요
2023.10.19,5,항상 구매하는 제품입니다
2023.10.19,5,맛있어요 구비해 둡니다
2023.10.19,5,저렴하게 잘 샀어요 한번 먹기 딱 좋아요
2023.10.19,5,맛있어요. 배송이 빠르고 좋아요.
2023.10.18,5,늘 시켜먹는 코카콜라 좋아요
2023.10.18,5,여기가 젤 저렴한것 같아요~~
2023.10.18,5,배송.가격 모두 만족합니다~~
2023.10.17,5,빠르게 도착했어요. 포장 꼼꼼
2023.10.17,5,급하게 주문했는데 배송도 빨라서 너무 좋았어요
2023.10.14,5,좋아요 잘 마시고 있어요
2023.10.14,5,싼가격에 구매해서 너무 만족합니자~~
2023.10.14,5,코카콜라 좋아요 많이요
2023.10.13,5,포장도 꼼꼼하고 저렴하게 잘 샀어요.
2023.10.13,5,역시 코카콜라네요. 포기할수없는 만
2023.10.11,5,저렴하게 잘 산듯 남김없는 양
2023.10.10,5,잘 받았습니다 좋습니다
2023.10.10,5,콜라는 역쉬  코카콜라  입니다
2023.10.09,5,양도적당하고딱좋아요^^
2023.10.08,5,코카콜라좋아요양도적당한사이즈!
2023.10.07,5,자주 구매하는 상품입니다 맛있어요
2023.10.06,5,항상 마시는콜라 저렴해서 좋아요
2023.10.06,5,"190ml라 한번에 먹기 좋고, 맛있어요."
2023.10.06,5,시원한 탄산을 즐길수 있어요
2023.10.06,5,언제나 저렴리 규매해요
2023.10.06,5,배송 빠르고 좋아요
2023.10.05,5,맛있어요! 저렴하게 구입해서 만족합니다
2023.10.05,5,좋아요♡♡♡♡♡♡♡♡♡♡
2023.10.05,5,캔 크기가 한번 마시기 적당하고 좋습니다
2023.10.03,5,작은 사이즈라 마음에 들어요. 자주 구매합니다
2023.10.02,5,감사합니다 감사합니다 감사합니다
2023.10.01,5,저렴히 잘 구매했습니다
2023.10.01,5,저렴하게 잘 구입했습니다~
2023.10.01,5,좋아요 좋아요 잘받았어요
2023.09.10,5,딱 먹기좋은 사이즈여서 종종 구매합니다. 이마트가 그나마 가격이 조금 저렴해서 여기서 구입했어요
2023.08.01,5,딱 한 번 먹기에 적당한 용량이라 늘 구매합니다. 다만 이번에는 10개가 찌그러져서 배송되었어요 ㅠ
2023.07.24,4,5개가 밑둥이 튀어나와 찌그러졌네요~~ 요건 좀 아쉬웠어요~~  택배기사님의 배송은 정말 굿굿입니다!!^^
2023.06.28,5,잘받았습니다 감사합니다
2023.06.22,5,딱 먹기 좋은 사이즈 배송 빨라요
2023.06.20,5,가격만족합니다 배송좋아요
2023.06.03,5,요즘은 모두 제로만 할인이길래 오리지널이 할인이라 얼른 구매했어요. 배송빠르고 좋습니다
2023.06.01,5,배송도 빠르고 저렴해서 좋아요
2023.05.30,5,배송 잘 받았습니다.
2023.05.10,5,가격저렴하고 배송이 너무빠르고  유통기한도 아주 넉넉하고 ~~
2024.07.02,3,가성비 대비 제품 좋아요
2024.07.02,3,간식으로 먹기에 좋아요.
2024.05.26,4,좋아요!
2024.03.09,4,가격이 조금 비싸네요 뒤늦게 알아서 그냥 이용합니다
2024.02.06,4,저렴하게 잘 산거 같네요~
2024.01.01,4,먹을만해요 먹을만해요
2023.11.22,5,최고예요!
2023.11.17,5,최고예요!
2023.11.07,5,최고예요!
2023.10.05,5,굿
