date,star_rate,review
2022.10.29,5.0,"아휴, 이미 비닐포장이 단단해서 굳이 또 박스 안에 넣어서 보내시지
않아도 된당게요 !
한박스 자체도 무거운디 그걸 두번을 박스안에 또 넣을라믄
힘드시잖아요 ㅠ
걍 30개짜리 두 묶음을 하나로 테이프로 붙여서 보내셔도 안 터지고
잘 온디 .. 감사해요 .
사실 저희집 콜라중독님께서 어지께 글드라고요 .
""마덜, 내 콜라 안왔어 ? 콜라고픈데 왜 아직이야 ?"" 허길래요
""오늘 온다혔소 "" 했지요 .
왔습니다 .
그래가 ""거 밖에 가서 들고 와요 "" 혔드만
이놈이 그런게 있습니다 . 지가 좋아하는거 지가 원하는거 일지라도
지가 절대 안 들고 옵니다 , 무겁다고요 .
그래가 ""콱 "" 혔드만 들고 오대요 .
진열함서 생각했습니다 .
""한번에 확 다 많이 집어 넣어놔 ?"" 했다가 아닙니다 .
걍 하던대로 했지요 .
물보다 콜라 이고 , 밥 먹음서도 ""마더도 콜라 한개 줘 ? 줘 ?"" 이래가
제가 주먹을 흔들정도입니다 .
지독합니다 아주 .
얼마 남지 않은 담달 초순에 다시 주문해두는게 좋을것 같습니다 .
이번에도 역시나 꼼꼼한 포장 잘 받았고요
감사합니다 .
맛은 이게 젤 맛있으니 계속 재구매하는거겠죠 ?"
2023.08.17,5.0,"저희집 중생들이 제가 ""이 사이즈가 제일 좋고 제일 맛있어 "" 라고 할땐
아주 다 믿진 않았었어요 .
콜라가 떨어진지 한참 되요 . 맨날 주문해야지 ~ 하곤 잊어버렸지요
아쉰대로 동네마트서 사다 마셨으나 날씬이 콜라가 밍밍하게 느껴졌어요
펫병은 더 밍밍했고요 .
저희집 고3 중생이 그러더라고요 .
""엄마 진짜 콜라는 이 사이즈가 제일 적당하고 맛있는것 같아요 "" 라고 하더라고요
날씬이 콜라 한번에 다 마실 수 있을것 같지만 먹다 몇모금 남기고 버리게 되서요
근데 이거는 마시다보면 ""엥? 벌써 다 마셨네 ?"" 함서 또 꺼내다 마시게 되요 .
즈희 동네는 안 팔아요 .
그래서 떨어지면 이렇게 여기서 주문해서 마시죠 .
포장도 엄청 꼼꼼히 보내주시잖아요 .
왜 , 박스에 한번더 담아보내주시는지 어제 알겠더라구요 .
그냥 비닐포장 상태로 온 음료들은 택배기사님들의 손아귀 힘으로 인해
옆에 잡는 부분의 비닐이 늘어나서 옮길때 비닐이 찢어지드라고요 .

현재 저희집은 3명이 사는데 , 60캔이면 한달은 마시거든요 .
혼자사는 큰아들 대3 중생이 똑같이 보내도 저희보다 먼저 마시네요 .
그래서 큰아들 기준으로 해서 주문하게 되는것 같아요 .
감사합니다 ."
2023.04.29,5.0,"제가 만든 이름입니다 .
날씬이 콜라와 미니 콜라요 .
미니는 정말 한 주먹 안에 들오잖아요 .
예전엔 날씬이 콜라만 마셨었는데 여기서 미니를 마시고나서는 거의 안 마시고
어쩌다 집에 있는게 떨어지면 날씬이를 사 마시지만 다 못 마시고 남깁니다 .
콜라도 다 맛이 달라서 , 젤 싫어하고 안 마시는건 뚱땡이 콜라고요 .
페트병에 들은것도 안 마십니다 .
미니가 딱 좋아요 .
포장은 주문때와 같이 안전하게 두번씩 포장을 해주시는지라 .. 크흡
그냥 보내셔도 된디 ㅠ
고맙습니다 !"
2021.07.10,5.0,"몇년 째 하루도 빠짐없이 채워놓는 코카콜라!!
늘 구매하는 상품인데 착한가격에 선물까지 받아서 넘 좋아여
틴쟁반 엄청 가볍고 깔끔하고 예뻐요
착한 가격에 선물에 꼼꼼한 포장에 빠른 배송까지 감사합니다~"
2022.05.16,5.0,"코카콜라👍
항상 미리 구입해 두고 있어요~^^
190ml 용량이 알맞고,
캔이 탄산수가 가장 톡쏘는것 같아요!!

가격도 저렴해서 만족스럽고,
찌그러짐 없이 빠르게 배송 됐어요~

코카콜라가 최고최고👍👍"
2021.04.07,5.0,남편이 콜라를 넘 좋아하는데 항상 찾아서 많이 사서 쟁였어요. 유통기한 23년 3월 21까지로 길어요. 박스포장에 캔 터진것도 없고 잘 받았습니다. 190ml라 한번에 마시기 알맞은 양입니다.
2022.11.21,5.0,"콜라가격이 다 올라서 사야하나 고민
여기저기 사이트 다 가보고
콜라없이는 못사는 신랑있어서 안사면 안되고..
롯데마트에서 행사하는걸로 착한가격에 180개 사버렸어요..지금 이시간 최저"
2022.03.25,5.0,"배송도 빠르게 잘왔구요!

탄산이라 먹다남으면.버리게되는데
190ml로 한번먹기 딱좋아요!

탄산음료도 가격이 올랐네요
마트나 편의점에서는 너무비싸니
이렇게 집에 사놓고 먹기 좋네요^^"
2021.07.08,5.0,콜라는 늘 쟁여두고 있어요 유통기한 넉넉하고 덜 찌그러지게 박스안에 포장되어 왔습니다 뜻밖의 사은품 너무 이쁘네요 감사합니다
2021.06.03,5.0,"박스에 넣어 안전하게 집앞에까지 잘 도착했네요..
당분간 콜라 걱정없이 잘 먹을것 같네요..
오자마자 아드님이 한캔 뚝딱했네요..
다른분들은 캔이 찌그러졌다고 했는데 그런거 하나 없이 왔네요.."
2023.11.14,5.0,"병콜라때부터 즐겨먹는 최애음료!
양이 적당해서 좋아요"
2023.09.09,5.0,롯데온 콜라가 가장 저렴하거 배송도 빠르고 안전하게.배송되네여. 몇번을 주문했는지 머르겠어요 . 떨어지면 계속 주문합니다.
2023.07.06,3.0,"상품은 잘받았어요 코카콜라 맛도 좋구요
배송도 빠르고 다 좋았는데 분명 대문앞에 두지 말라고 현관 계단에 놔주라고 부탁드렸는데 대문에두고 할머님이 넣어주라고 했는데 그냥 생까고 가시고 바쁜건 아는데 그러는건 아닌것같아요. 할머니가 옴기다가 넘어지시고 ㅜㅜ 진짜 짜증납니다."
2022.05.11,5.0,용량이 작아 한번에 먹기 편해요
2022.04.12,5.0,"가격도 타쇼핑몰보다 저렴하고 배송도빨라요
다이어트를위해 190 미리로 주문했어요"
2022.03.15,5.0,"좋은가격에 최고의 구성 롯데ON만 가능한거 아닐까요❓
아버지가 좋아하셔서 1회 구매하고 다음날 저희집도 두고두고 먹을려고 구매했네요.
한박스는 창고에 한박스는 냉장고에 꽉꽉~
부자된 기분이네용"
2022.02.14,3.0,박스바닥이 *어 왔길래 열어보니 캔 1개 아래 옆부분이 찌그러져서 콜라가 샜네요. 박스포장되어있어서 운송과정 중의 문제는 아니고 이미 준비과정에서 잘못됐을텐데 확인을 못하신걸까요? 조심하면 좋을거 같아요~~~~
2022.01.07,3.0,물건은 싸고 좋은데 배송이 너무 하네요 사무실에 먹는거 주문했는데 직접받는다고 했는데온다는 문자도 없고 사무실문앞에 두고갔네요 15상자 여자인내가 다 옴겼네요 죽는줄 알았습니다 너무하네요.그렇게 두고갈꺼 뒤에 문자폭탄은 왜 보내느지 아휴
2022.01.06,4.0,몇개가 터져서 왓네요. 박스도 좀 *엇어요
2021.12.27,5.0,"정말 좋은가격에
배송도 빠르고,
찌그러짐앖이 배송됐어요!!"
2021.12.13,5.0,조아요 조아요 조아요 조아요 조아요 조아요 조아요 조아요 조아요 조아요 조아요 조아요 조아요 조아요 조아요 조아요 조아요 조아요 조아요 조아요 조아요 조아요 조아요 조아요 맛나요 굿
2021.08.30,5.0,"저렴하게 구매했어요~^^
콜라를 매일 먹진않아도
떨어지면 불안하고 허전하고 체한기분~

있지만 안먹는것과
없어서 못먹는 것의 기분은 넘나 하늘과 땅차이.

딱 한먹마시기 좋은 사이즈라
남기는 것도 없어요~^^"
2021.07.27,5.0,코카콜라는 사랑입니다 증정품도 감사합니다ㅎㅎ
2021.07.01,5.0,"혜택이란 혜택은 다 받고 싸게 샀어요
항상 행사할때마다 한박스씩 쟁여놓는 상품이에요
기존 편의점에서 파는것보다 작은캔이라 한번에 먹기 좋아요
편의점 캔은 넘 양이 많은...
배송도 빠르고 찌그러진것 없이 잘 왔습니다!"
2021.03.24,5.0,한번에 마시기 딱 좋은 용량이예요 유통기한 넉넉하고(어짜피 금방 먹지만) 박스포장되서 안찌그러지고 잘 왔어요
2021.01.24,3.0,한두개도 아니고 6개정도 찌그러져서 왓네요 -.-
2020.07.18,5.0,"용량이랑 갯수 안족합니다
재구매의사이습니다"
2021.03.23,5.0,저렴하게 잘샀습니다요
2020.10.11,5.0,빠른배송 좋아요. 한번에 먹기좋아요
2020.07.05,5.0,"콜라를 항상 집에 쟁여 놓는데 롯데온 푸쉬 메세지 보고 착한가격에 잘 구매하였습니다.
탄산이 생각 날 때 잘 마시고 있어요."
2024.01.08,5.0,"대용량으로 늘 쟁여두고 먹어요
사이즈 작아서 좋아요"
2023.12.04,5.0,저렴한 가격에 잘샀습니다 많이 파세요
2023.12.03,5.0,가격 좋고 배송 굿굿
2023.12.03,5.0,가격 저렴히 잘샀어요감사
2023.12.02,5.0,거의 다먹어서 또 주문해야 겠어요.
2023.12.02,5.0,꼭 60개 2박스 주문합니다. 그래도 금방 먹어요.
2023.12.02,5.0,떨어지기 전에 언제나 쟁여놓아야 해요!
2023.12.02,5.0,콜라는 필수죠! 언제나~
2023.12.01,5.0,유통기한도 길고 배송 잘받았습니다.
2022.07.07,2.0,찍그러지고 하나는 터짐
2021.09.14,1.0,"캔 하나가 완전 파손되어서 콜라가 다 쏟아진 채로
배송되었습니다."
2021.09.11,1.0,왠만해서는 캔음료가 터질일이 없을텐데 박스에 한쪽면에있던것들이 찌그러지고 심지어 터진것도있네요 유통중에 너무 심하게 던진모양입니다
2021.08.24,5.0,"항상 저렴하게 잘 사서 먹고있어요
작은캔이라 한번따도 부담없는 한입입니다 ㅋ"
2021.08.08,1.0,5개정도가 완젼 찌그러져서 왔어요ㅠ
2021.08.03,1.0,하나 터져서 왔네요
2021.02.27,1.0,"30개만 와서 놀람.
포장도 없이 보내면서 송장에는 60개하고 30개만 보내고 실수라고..
실망입니다."
2020.07.09,5.0,굿굿 좋은 제품 👍 감사합니다
2020.07.04,5.0,배송도빠르고 안전하게 잘받았습니다. 유통기한도 넉넉해서 좋아요
2024.02.16,5.0,매월 정기적으로 구매히고 있네요.20%할인 착한 가격에요
2024.01.10,5.0,매달 정기적으로 구매합니다.항상 좋은 가격에 구매하니 쟁여놓을 수 밖에요
2024.01.08,5.0,사이즈 작아서 탄산 빠질 염려 없이 한번에 먹기 좋아요
2023.12.17,5.0,좋은 가격에 정기적으로 구매합니다
2023.12.13,5.0,"콜라는 역시 코카콜라 입니다.
말이 필요없는 콜라"
2023.11.29,5.0,너무 잘 마시고 있습니다
2023.11.27,5.0,코카콜라는 최애 음료입니다
2023.11.23,5.0,좋아요 맛나게 먹고 있어요
2023.11.07,5.0,쎄일해서 구입 했어요^^
2023.11.06,5.0,정기적으로 구매하는데 레드 페스티발 행사로 가격이 더 착해졌네요
2023.11.06,5.0,정기적으로 구매하는데 레드 페스티발 행사로 가격이 더 착해졌네요
2023.10.12,5.0,매달 정기적으로 할인 받아서 구매하고 있어요
2023.10.05,5.0,"재구매 입니다.
콜라는 역시 코카콜라"
2023.09.09,5.0,매달 정기적으로 할인할때 구매하고 있어요.만족도가 높네요
2023.09.09,5.0,매달 정기적으로 할인할때 구매하고 있어요.만족도가 높네요
2023.08.09,5.0,직원들 간식으로 정기 구매를 하고 있습니다.이번에도 좋은 할인 행사로 착한 가격에 구매했네요
2023.08.09,5.0,직원들 간식으로 정기 구매를 하고 있습니다.이번에도 좋은 할인 행사로 착한 가격에 구매했네요
2023.07.31,5.0,"배송도 빠르고 가격도 착합니다
타온라인몰보다 저렴해요"
2023.07.08,5.0,저렴하게 잘 구입햇습니다.
2023.07.05,5.0,퍼스트먼데이에 항상 할인 행사를 더해 좋은 가격으로 구매하네요
2023.07.05,5.0,퍼스트먼데이에 항상 할인 행사를 더해 좋은 가격으로 구매하네요
2023.07.01,5.0,가격도 착하고 배송도 빨라요
2023.06.18,5.0,배송도빠르고 가격도좋아요
2023.06.18,5.0,착한가격 빠른배송 아주 마음에 듭니다^^
2023.06.08,5.0,배송도 빠르고 20% 할인받아서 착한 가격에 구매했네요
2023.06.08,5.0,배송도 빠르고 20% 할인받아서 착한 가격에 구매했네요
2023.06.02,5.0,시원한 코카콜라 맛나요
2023.05.31,5.0,재구매예요 배송도빠르고
2023.05.03,5.0,정기적으로 구입하고 있습니다.할인 행사때마다 쟁여둡니다
2023.05.03,5.0,할인받아 항상 좋은 가격에 정기적으로 구입하고 있어요
2023.04.30,5.0,배송도빠르고 가격도 아주 착합니다
2023.04.24,5.0,"도저히 끊을 수 없는 맛 ㅠㅠ
포장 깔끔 하고
가격 좋고
배송 정말 빠릅니다"
2023.04.08,5.0,배송도빠르고 가격도 괜찮음 ^^
2023.04.08,5.0,"배송도 빠르고가격도 착합니다
요즘 콜라값이 많이 올랐네요"
2023.04.06,5.0,20% 할인과 각종 혜택 더해 좋은 가격에 구매했네요
2023.03.28,5.0,"배송 빠르고 좋아서 계속 구매중입니다
강추"
2023.03.23,5.0,쎄일해서 얼른샀어요~~^^
2023.03.09,5.0,콜라값이 많이 올랐는데 그중 가장 저렴해보여서 샀어요
2023.03.08,5.0,퍼스트먼데이 행사때마다 좋은 가격에 정기적으로 구매하게 되네요
2023.02.26,5.0,"배송 빠르고 가격좋고
계속 구매중입니다"
2023.02.24,5.0,배송도 빠르고 가격도 착해요
2023.02.22,5.0,매번 시켜 먹네요 맛나요~~
2023.02.20,5.0,아주 좋습니다~재구매할예정이에요
2023.02.16,5.0,"맛좋고 가격싸고
배송 빠르고 좋습니다"
2023.02.16,1.0,"*어서 온 콜라
뜯어보니 30개씩 2박스가 들어있어야할 아래박스가 26개만 ...비닐로 꽁꽁싸매 콜라가 저렇게 되지않았다면 모르고 먹었을터

이건 의도적인 속임수."
2023.02.10,5.0,퍼스트먼데이 행사때마다 여러 혜택받아 착한 가격에 정기적으로 구매합니다
2023.01.27,5.0,만족합니다 만족합니다
2023.01.06,5.0,매달 퍼스트먼데이 행사때마다 착한 가격에 정기적으로 구입합니다
2022.12.28,4.0,배송도빠르고 가격도 저렴하게 잘산거같아요
2022.12.28,4.0,배송도빠르고 가격도 할인되서 저렴하게 구매했어요
2022.12.17,5.0,"역시 아는 맛 카카오 할인까지
굳입니다"
2022.12.10,5.0,"배송 빠르고 맛도 좋고
중독된
재구매 좋습니다"
2022.12.08,5.0,퍼스트먼데이 행사때마다 착한 가격에 구매하고 있어요
2022.12.03,5.0,가격도 착하고 배송도 빠릅니다
2022.11.26,5.0,맛 좋구 배송 빨라 좋습니다
2022.11.21,5.0,"콜라가격이 다 올라서 사야하나 고민중에
롯데마트에서 행사하는걸로 착한가격에 180개 사버렸어요.."
2022.11.05,5.0,배송도 빠르고 매달 좋은 가격에 구매하고 있네요
2022.10.28,5.0,콜라는 떨어지지 않아야죠
2022.09.30,5.0,가격도 저렴하고 조아요
2022.09.28,5.0,만족합니다 만족합니다
2022.09.26,5.0,맛은 보장 배송 빠르고 카카오페이로 싸게 샀네요
2022.09.21,5.0,"빠른 배송 감사합니다.
맛있어서 한번에 2개 먹게되는게 흠이라면 흠이네요 ^^;; 택배아저씨께는 조금 죄송하지만, 집에서 편안히, 좋은 가격에 받아볼 수 있어서 너무 좋아요. 제로콜라가 제 입에는 잘 맞아요. 계속 구입의사 있습니다. 감사해요~^^"
2022.09.11,5.0,항상 재구매하고 있어요
2022.09.09,5.0,"항상 마시는제품입니다
착한가격에 문앞까지 배송되어 고맙습니다"
2022.09.07,4.0,"물건, 포장상태 둘 다 좋아요"
2022.09.07,2.0,"택배기사님때문에 중간에 짜증이 났지만
물건은 좋아요"
2022.09.07,5.0,"배송 포장 만족 입니다
가격도 좋네요"
2022.08.31,5.0,배송정확하고 항상 착한 가격에 정기적으로 구매합니다
2022.08.29,5.0,배송 아주 빠르고 좋네요. 제품 찌그러진 거 없고 잘 왔어요. 저렴하게 잘 사네요
2022.08.29,5.0,코카콜라없이는 못사는 1인입니다.
2022.08.20,5.0,쟁여두고 시원하게 한캔씩 마시기 좋아요!
2022.08.18,5.0,가성비가 매우 좋습니다
2022.08.08,5.0,늘 먹는 제품입니다
2022.08.08,5.0,배송도빠르고 가격도 만족입니다
2022.08.06,5.0,"한번에 먹기도 적당하고, 가격도 이쁘고,
음료중 콜라가 당연 최고라 가족들 모두 중독된듯~~^^"
2022.08.03,5.0,빠른배송 감사합니다 수고하세요
2022.08.01,4.0,빠른 배송 고맙습니다.
2022.07.31,5.0,저렴한 가격에 만족합니다
2022.07.29,5.0,"끊이지 않는 콜라사랑 계속 재구매하고 있어요
이벤트 할인 많이 부탁드려요"
2022.07.29,5.0,"끊이지 않는 콜라사랑 계속 재구매하고 있어요
이벤트 할인 많이 부탁드려요"
2022.07.29,5.0,"끊이지 않는 콜라사랑 계속 재구매하고 있어요
이벤트 할인 많이 부탁드려요"
2022.07.29,5.0,"끊이지 않는 콜라사랑 계속 재구매하고 있어요
이벤트 할인 많이 부탁드려요"
2022.07.24,4.0,"가격이 좀 비싸다는것 빼고,

한번에 마실수있어 조아염."
2022.07.15,5.0,배송도빠르고 좋아요 ~~
2022.07.12,5.0,"배송도 다음날 바로 왔고 포장도 안전하게 이중 박스 포장이었어요. 구매 만족합니다...!!!
구매 추천드려요~~^^"
2022.07.09,5.0,"탄산 귀신을 위한..ㅎㅎ
싸게 잘 샀어요 굿"
2022.07.08,5.0,"롯데on에서 혜택보고 저렴하게 구입합니다
만족해요"
2022.07.05,4.0,배송도 빠르고 타쇼핑몰보다 조금저렴하게구매했어요
2022.07.02,5.0,빠른배송 . 잘 받았습니다. 배송기사님도 감사합니다!!~
2022.07.02,5.0,좋아요 빠르게 왔어요
2022.06.29,5.0,잘 받았습니다. 감사합니다.
2022.06.28,5.0,무거운데 편하게 배송 받았습니다 저렴하게 구입했어요
2022.06.19,5.0,맛도 양도 좋습니다^^
2022.06.13,5.0,대량으로 사서 놓고먹어요 롯데마트몰이 할인을 제일많이해요자주이용해요
2022.06.13,5.0,항상대량으로 사서 놓고먹는데 롯데마트몰이 가격할인에 카드할인까지 제일착한가격에 판매를해서 이용하고ㅈ있어요
2022.06.12,5.0,행사때 저렴하게 구매했어요. 소화제 대신으로 자주 마십니다.
2022.06.08,5.0,"2번째 구매입니다. 퍼스트먼데이 혜택 적용받아
좋은 가격에 구매했네요"
2022.06.06,5.0,탁 쏘는 콜라~ 이 맛이 좋아요! 떨어지면 안돼죠~
2022.06.03,5.0,"60캔 사라지는게 순삭입니다.
역쉬 콜라는 코카콜라요"
2022.05.31,5.0,굿 배송빠르고 맛있어요 늘 먹어요
2022.05.30,5.0,가격도 싸고 배송도 빨랐어요
2022.05.28,4.0,배송도빠르고 가격도 타쇼핑몰보다 저렴하게 잘산거같아요
2022.05.24,5.0,만족합니다 수고하세요
2022.05.24,5.0,만족합니다 수고하세요
2022.05.23,5.0,"박스마다 배송오는날이 다를수있으니 1상자이상주문하신분들은 1상자만왔더라도 걱정안하셔도됩니다 다음날 도착합니다
찌그러지거나 터짐없이 잘받았습니다"
2022.05.18,4.0,저렴하게 잘 샀습니다
2022.05.05,5.0,"적당한 용량에 딱 마시기 좋아요.
냉장고에 채워놓으니 든든하네요"
2022.05.03,5.0,코카콜라 좋아하는 1인으로 할인된 가격에 구매해서 좋아요.잘 배송 됐습니다.
2022.05.01,4.0,한번먹기 좋은 양이예요.
2022.04.30,5.0,배송빠르고 저렴한 가격에 구입했습니다 맛나고 좋아요
2022.04.29,5.0,"자주 구매합니다. 저렴한 가격, 빠른 배송, 유통은 언제나 롯데!!! 응원합니다. 감사합니다."
2022.04.28,5.0,항상 즐겨마시는 탄산음료예요. 저렴하게 구입해서 좋았습니다. 한번에 먹을 수 있는 용량이라서 낭비가 없습니다.
2022.04.28,5.0,할인받아서 저렴하게 샀어요~ 박스에 포장되어와서 좋아요
2022.04.16,5.0,제일 저렴하게 구입했어요
2022.04.13,4.0,갑자기 콜라 땡길때 아무리 가까운 편의점이라해도 내집만큼 가깝진 않죠 ㅎ 쿠폰있을때 할인할때 가끔 한번씩 쟁여놓아요 ㅋ
2022.04.13,5.0,맛있어요 만족합니다
2022.04.12,5.0,배송빠르고 늘 먹어요 역시 코크가최고
2022.04.07,5.0,2024년 넉넉한 유통기한~ 박스포장에 딱 맞게 잘 배송되었습니다!!
2022.03.29,5.0,"할인에 할인까지 감사합니당
많이 파세요"
2022.03.29,5.0,여기저기 다 가봐도 롯데가 가장 착한 가격이에요
2022.03.25,5.0,가격도 저렴하고 배송도빨라요
2022.03.24,4.0,행사할때만 기다림! 가격만족! 포장상태 만족! 또 구매합니다!
2022.03.13,5.0,콜라없이 못사는 신랑위해
2022.03.11,5.0,우리집 냉장고에 필수 제품!!! 한 번에 많은 양을 먹지 못해 적은 양을 택했는데..좋은 선택이였어요!!!
2022.03.08,5.0,"착한가격.한번마시기좋은용량.
빠른배송.완벽한조합입니다"
2022.03.04,5.0,잘 받았습니다 감사합니다
2022.03.04,5.0,잘 받았습니다 감사합니다
2022.03.04,5.0,잘 받았습니다 감사합니다
2022.02.23,5.0,"날짜도 좋고 안전하게 2중박스 포장으로
안전하게 잘받았습니다^^"
2022.02.21,5.0,행사때 저렴하게 구입했어요. 소화안될때 주로 마시는거라 작은 사이즈로 항상 구매합니다.
2022.02.17,5.0,배송도빠르고 가격도 저렴하게 구매했어요
2022.02.14,5.0,콜라는 작은게 탄산이 더 톡톡 터지는거 같아요~~
2022.02.09,5.0,최고에요 역시 코카콜라 재구매요
2022.02.06,5.0,좋은상품 저렴한 가격에 너무 잘샀습니다^^
2022.01.29,5.0,잘 받았습니다 감사합니다
2022.01.29,5.0,잘 받았습니다 감사합니다
2022.01.21,5.0,"2중 박스에 안전하게 배송 되었습니다~
맘에 들어요^^
잘먹겠습니다~"
2022.01.14,4.0,무거운대 집앞까지 배송해주시고 가격도 타쇼핑몰보다 저렴하게 잘산거같아요
2022.01.11,5.0,"따쇼핑몰보다 저렴하게 구매했어요
30개짜리 두박스라 한동안 잘먹을수있을것같아요"
2022.01.06,5.0,잘 받았습니다 감사합니다
2022.01.06,5.0,잘 받았습니다 감사합니다
2022.01.06,5.0,잘 받았습니다 감사합니다
2021.12.30,5.0,캔콜라를 하루에 3캔은 마시는 신랑을 위해 60개 한꺼번에 구매했어요.. 최저가에 구매.. 최고에요
2021.12.30,5.0,"배송 만족

맛은 굳

가격이 조금 쌌으면"
2021.12.29,5.0,"쁘듯합니다!
역시 코카!"
2021.12.28,5.0,배송 빠르고 좋아요
2021.12.28,5.0,"역시 콜라는 코카콜라네요
박스에 안전하게 배달 받았습니다"
2021.12.27,5.0,언제나 만족스런 나의 링겔.
2021.12.17,5.0,"사이즈가 작은것이 부담 없이 먹기가 좋아요
가격만족 배송 만족합니다"
2021.12.08,5.0,배송좋구 자주 시켜요 자주시켜 먹어요
2021.12.01,5.0,자렴한 가격에 잘 구매했습니다
2021.11.25,3.0,저에게 딱인 싸이즈라서 또 구매했네요
2021.11.21,4.0,재구매했는데 요번엔 할인이 덜되어 별한개 뺐어요…ㅎ
2021.11.21,5.0,택배도 안전하게 박스에 담겨져서 잘 받았습니다
2021.11.17,5.0,기한참고 세일가 구매 늘 만족
2021.11.17,5.0,"코카콜라 주문했습니다
빠른배송.종이박스로 성의있게 포장
몇번 주문결과 항상 맘에듬!
여름처럼 파격 가격할인 했으면
더 많이 구매 할거 같습니다"
2021.11.17,5.0,주기적으로 사먹는 제품
2021.11.06,4.0,"롯데온 사이트가 가장 저렴하게 판매하는 것에서 +1점
유통기한 2023년 9월 27일까지 아주 길어서 +1점 아주 마음에 들어요"
2021.11.03,5.0,잘 받았습니다 감사합니다
2021.11.02,5.0,조금씩 먹기 떡 좋아요~저렴하게 구입해서 좋아요^^
2021.10.26,5.0,잘 받았습니다 안터지고 잘 왔어요
2021.10.26,5.0,잘 받았습니다 안터지고 잘 왔어요
2021.10.26,5.0,"빠르게 잘받았습니다
항상 마시는 ㅎㅎ"
2021.10.19,5.0,"자주 주문한는 이유
빠른 배송, 박스포장으로 와서
찌그러짐없이 깔끔함에 계속 주문하게 됩니다"
2021.10.16,5.0,맛이없는게 이상하죠
2021.10.15,5.0,"배송포장 만족 입니다
적극 추천"
2021.10.13,5.0,요번엔 할인까지 많이 받아서 구매했어요. 강추
2021.10.12,5.0,늘 즐겨마시는 콜라입니다. 한번에 마시기 딱 좋은 용량입니다.
2021.10.12,5.0,갈증이 느껴질 때 딱 적당히 마실 수 있는 용량입니다. 역시 콜라는 코카콜라...^^
2021.10.08,5.0,잘 받았습니다 감사합니다
2021.10.08,5.0,잘 받았습니다 감사합니다
2021.10.08,5.0,잘 받았습니다 감사합니다
2021.10.08,5.0,잘 받았습니다 감사합니다
2021.10.08,5.0,행사가에 저렴히 샀네요
2021.10.07,5.0,"이번 배송엔 찌그러진거없이 60캔 아주아주 잘 왔습니다!
항상 배송해주시는 기사님께 감사드리네요ㅎㅎ
코카콜라만 드시는 우리집 사람들 때문에 콜라떨어질날이없습니다~"
2021.10.07,5.0,배송도 빠르고 좋아요
2021.10.06,5.0,간편하게 김빠짐없이 먹을수 있어서 너무 편하고 좋습니다^^
2021.10.06,5.0,좋아요 배송도빠르고 잘샀어요
2021.10.06,5.0,"최애하는 맛 입니다
지속 구매 증입니다"
2021.10.06,5.0,빠르게 질도착해서 한캔 땁니다
2021.09.29,5.0,늘 구매하는 상품 입니다
2021.09.21,5.0,"없어서는 안되는 식품
쟁이고 쟁여요~~
무거운 택배 감사하게 받아서 먹네요"
2021.09.13,5.0,"잘받았어요
배송도 빨리오구요
박스포장 한번 더 해서 와서 깨끗해요"
2021.09.10,5.0,"가격도 행사로 조금 싸게 샀어요
든든하게 두박스 시원하게 먹어요"
2021.09.07,5.0,"배송은 빠르게~ 포장은 깔끔한 박스포장
잘 받았습니다 !"
2021.09.04,5.0,배송도 빠르고 저렴하게 구입해서 만족합니다^^
2021.09.02,5.0,빠른배송 저렴한가격 추천합니다
2021.08.30,5.0,사이즈가 적당해서 좋아요
2021.08.30,5.0,항상 구매하는 상품입니다.
2021.08.30,4.0,쿠폰 자주 뜨면 많이 쟁기고싶어요 역시 탄산은 콜라죠!!
2021.08.30,5.0,만족합니다.맛있어요
2021.08.30,5.0,190ml가 한번 맛있게먹기 딱좋아요ㅋ
2021.08.30,5.0,제로 재구매 양도딱입니다
2021.08.30,5.0,제로라 재구매합니다
2021.08.30,5.0,"콜라 싸게 잘샀어요
배송도 빠르고 좋네요"
2021.08.30,5.0,시원하게 냉장고에 넣어두고 마셔요ㅋ
2021.08.30,5.0,콜라는 쟁여야 맛이져ㅋ
2021.08.29,5.0,행사로 싸게사서 만족해요
2021.08.27,5.0,저렴한 가격. 꼼꼼한 포장=엄빠크리 안 터지는 박스포장.
2021.08.27,5.0,가격도 저렴하고 배송도빠르고박스포장으로깔끔하게배송됐어요
2021.08.16,5.0,항상 쟁여두고 먹는 콜라 굿~
2021.08.16,5.0,항상 구비해두고 마시는 콜라~~
2021.08.14,5.0,저렴한 가격에잘 구매했어요. 맛있어요.
2021.08.14,5.0,잘 받았습니다 감사합니다
2021.08.14,5.0,잘 받았습니다 감사합니다
2021.08.09,5.0,"상자에 담겨서 안전하게 배송 해주셨어요
가격도 만족합니다"
2021.08.07,5.0,"좋아요
이벤트 코카콜라를 이 가격에 살수있다니 너무 만족합니다
다만 배송상에 문제로 몇개가 찌그러져있지만 터지지않았으니 문제없습니다
다음에도 꼭 구매할께요"
2021.08.05,5.0,다른업체에선 그냥 보내서 캔 찌그러지는 경우도 종종있었는데 여기는 박스포장 한번더꼼꼼하게해서 보내주셔서 먼지들어가서나 캔찍힘없이 깨끗하게 잘 받았어요^^배송도 빠르고 가성비 넘좋음 이젠 여기 단골하려고요~ 완전추천👍쵝오임
2021.08.05,5.0,저렴하게 구입하고 빠른배송이였습니다~좋아요~
2021.08.04,3.0,더워서 음료수를 많이 마시게 되는 계절입니다
2021.08.04,5.0,"배송 빠름
만족함
콜라 맛있음"
2021.08.04,5.0,"배송정말 빠르네요
만족합니다"
2021.08.04,5.0,"배송빨라요♡♡코카콜라 이벤트냉장고탐나네요
콜라덕후는 심장이떨립니다.
맛좋고 시원한콜라 잘마실께요"
2021.08.03,5.0,"야호 콜라빠르게 도착했어요♡♡
얼릉 시원하게해놔야겠어요."
2021.07.31,5.0,"배송도 안전하게 받았습니다
여름이라 음료수가 많이 필요합니다
가격만족합니다"
2021.07.28,5.0,잘 받았습니다 감사합니다
2021.07.28,5.0,잘 받았습니다 감사합니다
2021.07.18,5.0,"콜라없이 못사는 신랑때문에 연달아 구매해요.
이곳이 최저가인듯"
2021.07.17,5.0,저렴하고 그입하고 빠른배송 감사합니다~~~
2021.07.10,5.0,"가격대비 만족합니다
박스 포장되서 터진것 없이 배송됐어요"
2021.07.09,5.0,만족합니다 만족합니다
2021.07.07,5.0,제품이 맛있고 좋아요
2021.07.03,5.0,감사합니다 잘 받았습니다
2021.07.03,5.0,감사합니다 잘 받았습니다
2021.07.03,5.0,감사합니다 잘 받았습니다
2021.06.30,5.0,배송 잘 받았습니다.
2021.06.17,4.0,코카콜라역시좋아요오
2021.06.11,5.0,파손없이 잘 도착했어요
2021.06.10,5.0,저렴하게 사서 좋네요~택배 파업했는데도 빠르게 왔습니다~~
2021.06.07,4.0,작은 싸이즈 만족합니다
2021.06.01,5.0,만족합니다.....
2021.05.31,5.0,마트에서 사 마시다가 여기서 처음 구입 했는데 가격도 좋고 배송도 안전 하게 잘 왔어요. 앞으로 여기서 사야 갰어요.
2021.05.28,5.0,"190미리 한번먹기 딱좋아요.
큰사이즈는 남는데 정말 요사이즈 최고
가방에도 쏘옥들가가옹"
2021.05.27,5.0,치킨 피자 등 간단 간식 먹을 때 좋아요
2021.05.17,5.0,"싸게 잘 구입했습니다~
한동안 탄산 걱정 없겠어요~"
2021.05.04,5.0,"쿠폰으로 착한가격에 구매했어여
꼼꼼한 포장에 빠른 배송까지 감사합니다~"
2021.04.30,5.0,쿠폰 써서 싸게 샀어요.늘 먹는 제품입니다.
2021.04.25,5.0,콜라는 코카콜라 아닙니까
2021.04.23,5.0,좋은 상품 잘 받았습니다
2021.04.23,5.0,좋은 상품 잘 받았습니다
2021.04.23,5.0,좋은 상품 잘 받았습니다
2021.04.09,5.0,김 빠지는거 싫어서 캔 다량으로 구입했는데 배송도 빠르고 저렴하게 구입해서 만족합니다~~~
2021.04.08,5.0,잘왔습니다. 유통기한은 넉넉하네여. 추천합니다.
2021.03.26,5.0,"맘에들어요
맘에들어요"
2021.03.23,5.0,저렴하게 잘샀습니다요
2021.03.23,5.0,저렴하게 잘샀습니다요
2021.03.23,5.0,저렴하게 잘샀습니다요
2021.03.23,5.0,저렴하게 잘샀습니다요
2021.03.23,5.0,저렴하게 잘샀습니다요
2021.03.23,5.0,저렴하게 잘샀습니다요
2021.03.11,5.0,좋아요. 싸게 샀어요
2020.08.04,5.0,포장도 꼼꼼하고 배송도빠르고 무엇보다 행사로 저렴하게 구매한거같아요. 잘먹겠습니다
2020.07.02,5.0,"맘에들어요
맘에들어요"
2020.07.02,5.0,여름엔 아이스 콕.작은 사이즈라 양이 딱 맞아요.
2020.07.01,5.0,가격이 너무 올랐네요.
2020.06.29,5.0,계속 사먹고있어요~^^ 앞으로도 재구매의사 있어요
2023.12.04,5.0,벌써 추가귑해안해요~
2022.11.07,5.0,깜끔한 포장에 배송도 좋아요
2022.05.21,5.0,배송빠르고 유통기한 넉넉해요
2021.06.22,5.0,냉장고에 채워놓고 시원하게 한캔하기 편해요
2020.06.28,5.0,저렴하게 잘 구입해
2020.06.25,5.0,콜라는 쟁여놓고 먹는데 맛있어요
2023.12.05,5.0,코카콜라 중독이네여~
2023.11.28,5.0,재구매만 계속 합니다
2023.11.28,5.0,매일 먹는 콜라 코카콜라
2023.11.25,5.0,"항상 여기서 콜라구매해서 먹습니다
사이즈도 먹기좋은사이즈좋고 60개와서 좋아요"
2023.11.23,5.0,쿠폰으로 가장 저렴하게 잘 구매 했습니다
2023.11.21,5.0,좋아요 추천합니다.
2023.11.20,5.0,늘 주문하는 콜라에요 ㅎㅎ 롯데온이 혜택도 제일 좋아요
2023.11.19,5.0,콜라는 코카콜라입니다
2023.11.19,5.0,콜라는 코카콜라입니다
2023.11.19,5.0,콜라는 코카콜라입니다
2023.11.16,5.0,저렴하게 구매했어요.
2023.11.14,5.0,배송이 빨라서 좋아요~
2023.11.12,5.0,저렴하게 잘 구매했습니다
2023.11.05,5.0,아주 만족합니다. 코크는 사랑이기에 항상 박스채 사머곤 버릇이 40년은 된듯 하네요. 저렴하게 구매해서 만족합니다
2023.11.05,5.0,너무너무너무 좋아요
2023.11.02,5.0,"재구매 입니다.
콜라는 역시 코카콜라"
2023.10.21,5.0,냉장고에 콜라가 없으면 불안해서 바로 주문해야되요 탄산은 코카콜라죠
2023.10.18,5.0,"콜라는 꼭 롯데온에서 구매합니다
한번먹기 좋은 사이즈
착한가격 항상 만족합니다."
2023.10.18,5.0,가격좋고 맛도 좋아요 항상 구매하고 있어요
2023.10.17,5.0,배송 빠르고 좋아요!! 콜라는 필수품입니다!!
2023.10.16,5.0,배송 빠르고 맛나요
2023.10.08,5.0,벌써 여러번 재구매 했어요.
2023.10.06,4.0,항상재구매해요 여기가 저렴합니다
2023.09.29,5.0,좋아요 추천합니다.
2023.09.04,5.0,집앞배송에 가격도 비교적 저렴해서 자주 이용합니다.
2023.08.30,5.0,롯데온에서만 구매하게 되네요 가격도 저렴하구 배송도 빠르구 좋네요
2023.08.30,5.0,롯데온에서만 구매하게 되네요 가격도 저렴하구 배송도 빠르구 좋네요
2023.08.19,5.0,좋아요 추천합니다.
2023.08.18,4.0,항상 주문해서 먹어요
2023.08.17,5.0,배송도빠르고 잘포장되서 좋아요~~
2023.08.12,5.0,"재구매 입니다.
콜라는 역시 코카콜라 입니다.
제로 마시다가 다시 오리지널로 왔습니다."
2023.08.10,5.0,"콜라는 역시 코카콜라죠
먹기 좋은 사이즈라 재구매합니다"
2023.08.09,5.0,배송 빠르고 포장상태가 아주 좋아요
2023.07.27,4.0,빠른배송 감사합니다
2023.07.18,5.0,맛나게 마실께요......
2023.07.15,5.0,콜라 없으면 안 돼요. 떨어지기 전에 늘 미리 구입합니다. 롯데가 가장 싼 거 같아요.
2023.07.15,5.0,좋아요 추천합니다.
2023.07.14,5.0,안전하게 잘 도착했네요
2023.07.08,5.0,저렴하게 잘 받았습니다
2023.07.04,5.0,빠른배송 감사합니다. 맛있어요
2023.07.04,5.0,저렴히 구매햇네요 많이파셔요
2023.07.04,5.0,진심으로 감사드립니다 덕분에 즐겁습니다 완전좋습니다
2023.07.04,5.0,최고에요 잘 마시고 있습니다
2023.06.29,5.0,저렴하게 잘 샀어요
2023.06.27,5.0,늘 먹어**요 ㅎㅎ 필수 !!
2023.06.21,5.0,착한가격만족합니다.
2023.06.20,5.0,저렴하게 구입해서 좋아요
2023.06.13,5.0,콜라는 필수 템이죠.
2023.06.02,5.0,콜라는 늘 쟁여놓고 먹어여해여 ㅎㅎ
2023.05.30,5.0,"최애 코크, 최애용량. 계속해서 재구매하고 있어모."
2023.05.30,5.0,좋아요 추천합니다.
2023.05.26,5.0,여기가 제일싸요 배송도 빨라요 아주 좋습니다^^
2023.05.26,5.0,굿~~~~~~~아주 좋아요
2023.05.26,5.0,가격도 싸고 배송도 빠르고 항상 여기서만 주문합니다 ㅋ많이 파세요^^
2023.05.23,5.0,한번에 딱 마시기 좋아요
2023.05.22,5.0,저렴하게 잘 구매 했습니더
2023.05.21,5.0,저렴하게 집앞 배송까지! 냉장고에 채워놓고 살아요
2023.05.21,5.0,착한 가격에 구매~^^
2023.05.18,5.0,배송은 이틀정도 걸렸고요.. 가격대비 좋아요~
2023.05.18,5.0,코카콜라 정말 맛있어요...
2023.05.18,5.0,가족들이 콜라를 좋아해서 항상 비치해놓고 마시고 있어요~~
2023.05.17,5.0,재구매입니다 배송빠르고 좋아요
2023.05.10,5.0,항상 구매하는 제품입니다. 용량이 크지 않아 좋아요
2023.05.10,5.0,맛있어요~ 양이 적당해서 좋아요
2023.05.10,5.0,항상 구매하는 제품입니다. 가격이 올랐네요
2023.05.08,5.0,콜라는 오리지널이지요!
2023.05.05,5.0,좋아요 추천합니다..
2023.05.04,4.0,👍👍👍👍👍
2023.05.04,5.0,👍👍👍👍👍👍
2023.05.04,5.0,👍👍👍👍👍👍👍
2023.05.04,5.0,안전하게 배송 되었어요
2023.05.03,5.0,맛나서 또 주문했어여. 가격이 좀 올라서 아쉬워요
2023.05.01,5.0,유통기한 길고 비닐이 바뀌어서 그런지 예전 얇은 비닐때보다 까짐도없고 터지지도않고 좋습니다!!
2023.04.29,5.0,배송도 빠르고 좋네요 많이ㅜ파세요
2023.04.26,5.0,"가격도 저렴하고 본사직영이라 믿음이 가요
배송은 좀 느린편"
2023.04.26,5.0,코카콜라60캔 빠른배송 감사합니다~
2023.04.26,5.0,맛있음~~<~~~~~
2023.04.26,5.0,"콜라는 역시 코카콜라죠
여기가 할인율이 제일좋아서 여기서 항상 사요"
2023.04.26,5.0,사이즈가 딱 좋아요~
2023.04.25,5.0,저렴하게 구매~~~
2023.04.24,5.0,쟁여두고먹는 콜라 여기서계속주문
2023.04.22,5.0,역시 코카콜라 넘 맛있어요 담에 또 주문할게요
2023.04.20,5.0,배송도빠르고 싸게구매
2023.04.20,5.0,배송도 빠르고 제품도 좋아요
2023.04.19,5.0,맛있어요 자주 먹습니다
2023.04.19,5.0,콜라 여기서 계속주문요
2023.04.19,5.0,여기서계속주문해먹어요
2023.04.18,5.0,"타사이트대비 저렴하게 구입했으며, 배송 또한 빨랐습니다."
2023.04.16,5.0,느을 먹는 제품이라 만족합니다. 저렴하구요.감사해요
2023.03.31,5.0,할인해서 잘구매했어요
2023.03.28,5.0,저렴하게 잘 구입했네요.배송도 빠르고요.
2023.03.23,5.0,깨진거없이 잘 도착했습니다~~👍👍
2023.03.22,5.0,코카콜라는 항상 롯데온에서 구매하게 되네요 배송은 쫌 걸리지만 박스포장 잘 되어있어서 맘에 드네요 ㅋ
2023.03.16,5.0,항상 먹는 맛입니다
2023.03.15,5.0,직영이라 좋네요. 항상 여기서 구입하겠습니다.
2023.03.12,5.0,소화제처럼 마시는거라 항상 떨어지지 않게 주문해요.
2023.03.11,5.0,콜라여기서 3번째 구매하네요 전콜라쟁여두고먹는지라 계속주문해야할듯요
2023.03.08,5.0,사이즈가 작아서 좋아요. 가격이 계속 오르는것 같아요.
2023.03.07,5.0,배송도 빠르고 좋았습니다
2023.03.06,5.0,너무너무 조아요 감사합니다
2023.02.27,5.0,맛있어요 잘 마시고 있어요
2023.02.20,5.0,늘 애용하는 제품입니다
2023.02.18,5.0,자주 구매하고 있어요.저렴하고
2023.02.17,5.0,가족들이 항상 찾는 음료중에 하나라 냉장고에 항상 비치해놓습니다~~
2023.02.14,5.0,빠른배송에 만족합니다
2023.02.12,5.0,먹기 딱좋어요~ 또 이용할께요
2023.02.10,5.0,용량이 적당해서 자주 구매하는 제품입니다.
2023.02.07,5.0,저렴하게 구매했어요. 배송은 그저 그래요
2023.02.03,5.0,너무 너무 잘 받았습니다
2023.02.01,5.0,"자주구매해서 먹고있어요
항상좋은제품 감사합니다"
2023.01.31,5.0,냉장고에 항상 너 있다
2023.01.29,5.0,싸게 잘 구매하였습니다!
2023.01.26,5.0,콜라는 역시 코카콜라죠
2023.01.18,5.0,배송도빠르고 가격도 괜찮음
2023.01.13,5.0,항상 먹어요 집에서 떨어지면 안돼요
2023.01.09,5.0,늘 구매해서 먹었습니다
2023.01.09,4.0,"양이 적당합니다.
배송이 좀 늦습니다."
2023.01.08,5.0,콜라는 역시 코카콜라가 짱이쥬
2023.01.03,5.0,"3번째 구입인데 항상만족합니다
또 주문할께요"
2022.12.31,5.0,롯데온에서 항상 재구매하게 되네요 쿠폰 사용해서 저렴하게 구매했어요 이틀만에 도착한거 같은데 배송두 빠르네요 굳
2022.12.29,5.0,믿구 구매하게 되는 코카콜라 맛있어요 ㅋ
2022.12.26,5.0,콜라중에 1등~코카콜라 ~맛있어요 ~!!
2022.12.19,5.0,늘시켜요^^ 찌그러지지 않고 왔어요
2022.12.17,4.0,저렴하게 구매해서 잘 먹고 있네요
2022.12.17,5.0,무거워서 여러개 미리구매해둬요
2022.12.14,4.0,굿~~~~~~싸고 좋아요
2022.12.09,5.0,저렴한가격 구입잘햇습니다
2022.12.06,5.0,배송. 포장 모두 만족합니다.
2022.12.02,5.0,"콜라를 항상 구매하고 있는데, 배송도 빠르고 괜찮은거같아요"
2022.11.30,5.0,배송도 빠르고 좋아요
2022.11.27,5.0,가격대비 여기가 젤관찮음
2022.11.19,5.0,콜라는 여기가 제일 싼거같아요~
2022.11.17,5.0,배송도 빠르고 가격도 저렴하게 구입했어요
2022.11.15,5.0,빠른 배송 감사 합니다.
2022.11.15,5.0,매번 저렴하게 구입 해서 먹어요
2022.11.15,5.0,항상 구입해서 저렴하게 먹어요
2022.11.14,5.0,너무너무 조아요 감사합니다
2022.11.13,5.0,배송도 빠르고 가격도 저렴하게 구입했어요~
2022.11.06,5.0,빠른배송에 만족 합니다
2022.11.02,5.0,타사이트보다 저렴하게 구매한것 같아요.
2022.10.31,5.0,배송도빠르고 감사합니다
2022.10.29,5.0,유통기한 넉넉하고 만족합니다
2022.10.20,5.0,안전배송되엇습니다. 롯데온 덕분에 저렴하게 구입햇습니다.
2022.10.20,5.0,저렴하게잘샀어용 짱짱
2022.10.18,5.0,저렴하게 잘 구매했어요
2022.10.17,5.0,좋아요..좋아요..항상 먹는 거네요
2022.10.17,5.0,"계속 주문해서 마시는 제품
항상 만족하고 있어요"
2022.10.08,5.0,잘 받았습니다. 감사합니다
2022.10.08,5.0,배송도 빠르고 좋아요 ㅎㅎ
2022.10.07,5.0,용량이 가장 마음에 들어 재구매했습니다.
2022.10.03,5.0,사이즈 적당하고 맛있어서 즐겨 마셔요
2022.09.28,5.0,배송 빠르게 왔어요
2022.09.28,5.0,코카콜라는 항상 좋아요
2022.09.28,5.0,매번박스로사서 먹어요
2022.09.26,5.0,"배송도 빠르고
가격도 싸게 잘샀어요~~"
2022.09.22,5.0,콜라 많이 마셔서 자주 사는데 여기가 제일 싼거 같아서 재구매했습니다.
2022.09.22,5.0,"만족합니다
배송빨라요"
2022.09.20,5.0,만족합니다 수고하세요
2022.09.20,5.0,만족합니다 수고하세요
2022.09.20,5.0,만족합니다 수고하세요
2022.09.20,5.0,만족합니다 수고하세요
2022.09.20,5.0,배송빠르고 찌그러진것도 없어서 좋아용
2022.09.19,5.0,항상 구매하는 상품입니다
2022.09.18,5.0,아주좋아요 항상재구매합니다!
2022.09.18,5.0,저렴하게 잘구매했어요
2022.09.16,5.0,😄😄😄😄😄😄
2022.09.15,5.0,늘 재구매해요~~~~
2022.09.14,5.0,한번에 먹기 딱좋은 사이즈입니다
2022.09.14,5.0,콜라가 없어서 재주문 해요. 배송두 빠르구 좋네요.
2022.09.13,5.0,너무나 마음에 드는 가격에 안전하게 도착했어요~~
2022.09.07,5.0,배송빠르고 안전포장으로와서 너무좋아요
2022.09.07,5.0,항상 먹던거 만족합니다.
2022.09.06,5.0,늘 먹던 콜라 저렴하게 잘 먹고 있어요
2022.09.06,5.0,배송도 빠르고 상품도 좋아요
2022.09.05,5.0,배송 빠르고 가격도 매우 만족스러워요.
2022.09.04,5.0,저렴한 가격에 배송도 좋아요 ~^^
2022.08.31,5.0,용량이 작은 건데 제 기준에 알맞은 양입니다
2022.08.30,5.0,가장 저렴한 판매자분께 감사합니다
2022.08.30,5.0,잘쓸게요 좋아요 ㅡ ㅎ
2022.08.30,5.0,"좋아요.
양이 적당해요"
2022.08.30,4.0,배송도 빠르고 좋은 품질의 제품입니다.
2022.08.29,4.0,쟁여놓기템 ~~ 없으면 불안해요...
2022.08.28,5.0,너무 저렴하게 잘 구매했어요~~ 용량이 작아 힌번 먹기 딱 좋아요..
2022.08.20,5.0,확실히 쌉니다ㅋ가성비가좋아서 사먹게되네요
2022.08.18,5.0,저렴하게 구입했어요
2022.08.17,5.0,"저렴하게 구입했어요
만족합니다"
2022.08.17,5.0,"배송도 만족하고 품질도 만족합니다.
재구매 의사 있습니다.
감사합니다."
2022.08.16,5.0,가격저렴하고배송빠르고.할인쿠폰사용하면싸요~
2022.08.15,5.0,특가나와서 저렴하게 구매해서 좋아요
2022.08.15,5.0,저렴하게 구매해서 좋아요
2022.08.14,5.0,저렴한가격에 잘 구매했습니다.
2022.08.13,5.0,만족합니다 만족합니다 만족합니다
2022.08.08,5.0,배송도 빠르고 깔끔하게 왔어요~ 좋아요^^
2022.08.07,5.0,콜라는 코카콜라 입니다
2022.08.06,5.0,"잘받았습니다
감사합니다"
2022.08.04,3.0,지난번은포장상태도좋고해서또주문했는데이번은상태가엉망터진게하나 찌그러진게5개나와기분이별로안좋음
2022.08.04,5.0,가격도착하고편하고조아요
2022.08.04,5.0,비가와서 그런지박스는죄다찢어져있더라구요
2022.08.01,5.0,저렴하게 잘구입했어요~감사^^
2022.07.30,5.0,"다른곳보다
완전싸게
구매했어요"
2022.07.27,5.0,저렴한가격에 구입해서 꾸준히 먹는제품인다
2022.07.26,5.0,너무싸게 잘샀어요~~
2022.07.21,5.0,잘받았습니다 좋아요~
2022.07.20,5.0,가격도 저렴하고 배송도 빨랐어요
2022.07.19,5.0,콜라는 여기서만 구매합니다.최고입니다..청량감 최고..코카콜라 만병통치약!!!
2022.07.12,5.0,한번에 먹기 딱좋은 용량이예요. 가격도 착해서 좋아요.
2022.07.11,5.0,"가격이 아주 좋았습니다. 항상 이제품 쟁여놓고 생활하는데, 그 어느 판매자보다 아주 좋은 가격에 주셔서 감사합니다. 사업 번창하세요"
2022.07.09,5.0,배송도빠르고 좋아요 ^^
2022.07.08,5.0,역시 코카콜라 맛있어요 배송도 빨라요
2022.07.07,5.0,배송 빠르고 가격이 적절합니다
2022.07.06,5.0,"재구매입니다
모두 맘에 들어요"
2022.07.05,5.0,잘삿어요 저렴하네여
2022.07.05,5.0,배송빠르고 저렴하게 잘 구매했습니다
2022.07.05,5.0,좋습니다 좋습니다 좋습니다
2022.07.05,5.0,"다음에 재구매 예정.
빠른 배송 고맙습니다."
2022.07.05,5.0,"더운여를 착한가격으로 다량구매하면 편히 먹을수있어요
재구매는 쭈욱 이어지겠지요"
2022.07.04,4.0,"구매하고 난 후에 세일하네요
그리고 갈수록 탄산이 줄어든듯 하네요
고기 먹고 느끼한 맛을 줄여보러고 먹고 있는데"
2022.07.01,4.0,잘먹을게요 배송 만족합니다
2022.06.27,5.0,매주 구매하는 듯하네용.ㅎㅎ
2022.06.27,5.0,저럼한 가격에 빨리 받아먹을수 잇어요
2022.06.27,3.0,좋은상품이 아닌지...잘못골랐는지ㅜㅜ탄산이 빠진느낌입니다...
2022.06.27,5.0,여름에 집에 와서 콜라 한잔 하루 피로가 해소됩니다
2022.06.25,5.0,할인도 받고 빠른 배송 감사합니다
2022.06.24,5.0,신랑이 좋아해서 자주구매하게도네요
2022.06.23,5.0,저렴하게 구매할 수 있어서 좋아요 작은 용량이라 먹기도 편합니다
2022.06.22,5.0,지훈아 콜라좀 그만 사
2022.06.21,5.0,싸게 산 것 같아서 좋아요 ~
2022.06.20,5.0,항상 구매해요. 맛있고 유통기한 길어요
2022.06.20,5.0,맛있어요. 빠르고 정확한 배송 감사합니다
2022.06.20,5.0,"빠르고 맛있어요.
저렴해요"
2022.06.20,5.0,저렴한 가격 감사합니당
2022.06.20,5.0,"배송빠르고 좋아요
자주 구매해요"
2022.06.20,5.0,빠르고 맛잇어요..
2022.06.20,5.0,좋아요 배송 빠르고 저렴한 가격 감사합니당.
2022.06.16,5.0,저렴하게 잘 구입했네요
